x,x_name,overlap_days,dir,k*,d(k*),r0_ret,k20,d(k20),half_stable,raw_d@k*,raw_k*
sse/880773,sse/880773 最近闪跌,964,X_leads_mic,45,-0.19026101171197868,0.08290316100636178,3,0.10839504132280642,True,0.06342348159810945,60
sse/880784,sse/880784 昨日较弱,1643,X_leads_mic,50,-0.1578859118340338,0.19135114295837943,3,0.0884462542056621,False,-0.1069665810324581,60
sse/880752,sse/880752 昨曾跌停,1167,X_leads_mic,57,-0.13201643430713916,0.12120980485336247,8,-0.03676758923401903,True,0.020953918277559172,60
sse/880866,sse/880866 近期新低,2341,X_leads_mic,50,-0.13126123144069898,0.1550207649934084,19,-0.06649965396744817,True,-0.14024365585509993,60
sse/880772,sse/880772 最近闪拉,1037,mic_leads_X,44,0.12939157371152696,0.12063445922433788,14,0.11387931317592778,True,0.07013012437548086,60
sse/880872,sse/880872 近期复牌,2288,mic_leads_X,16,0.12715489816773018,0.0934952931616035,16,0.12715489816773018,True,-0.0064514863024563995,60
sse/880723,sse/880723 发可转债,1220,X_leads_mic,2,-0.12308627855711268,0.606765821906222,2,-0.12308627855711268,True,0.010160276830463666,60
sse/880641,sse/880641 历史新低,567,mic_leads_X,21,0.12117699997446318,0.6952615403494166,2,-0.11911460824377168,True,0.02158637286417109,60
sse/880676,sse/880676 活跃ETF,730,X_leads_mic,2,-0.11864359866773658,0.5419886074587363,2,-0.11864359866773658,True,-0.0027966403221102443,60
sse/880677,sse/880677 活跃可转债,730,mic_leads_X,42,0.11542712563026203,0.5846808147033566,3,-0.08736114435031926,True,0.38190857779241116,60
sse/880854,sse/880854 预高送转,2193,mic_leads_X,45,0.11528964646174504,0.24588770519805367,1,-0.037739294391814567,True,-0.04549704986262071,60
sse/880801,sse/880801 基金重仓,4749,X_leads_mic,1,-0.11477009522298287,0.6728784741202142,1,-0.11477009522298287,True,-0.00013371879185375413,60
sse/880640,sse/880640 历史新高,905,mic_leads_X,29,0.114012917387013,0.2545726406835116,19,-0.06497519498179283,True,0.09601659599271062,60
sse/880811,sse/880811 陆股通减,1537,mic_leads_X,9,0.10807913796034649,0.6229454538768232,9,0.10807913796034649,True,-0.049173661494382626,60
sse/880810,sse/880810 陆股通增,1537,X_leads_mic,1,-0.10798497352095043,0.6218758794164737,1,-0.10798497352095043,True,-0.004912528065832894,60
sse/880886,sse/880886 昨日较强,2127,X_leads_mic,45,-0.10509447023250001,0.12499584562101457,7,-0.07898932935555524,False,0.02364081644150587,60
sse/880835,sse/880835 绩优股,4749,X_leads_mic,1,-0.10489646704091724,0.6811269996827328,1,-0.10489646704091724,True,-0.0001943717579382387,60
sse/880619,sse/880619 业绩预增,1043,mic_leads_X,36,0.10329472559316774,0.3755394755872218,7,-0.06426617189637487,True,0.027752017537649554,51
sse/880774,sse/880774 昨日首板,1722,X_leads_mic,24,-0.10284628692112624,-0.00026140789279998543,14,-0.06057987002595815,True,-0.010525158761279269,60
sse/880620,sse/880620 券商金股,1039,X_leads_mic,34,-0.10079218972200245,0.38702494390823167,2,-0.08956331330888659,True,0.03185420656420268,60
sse/880853,sse/880853 中字头,2736,X_leads_mic,43,-0.09879437425353962,0.6114973158744434,6,-0.07906238674913058,True,0.03168176099551223,60
sse/880751,sse/880751 昨日跌停,1153,mic_leads_X,35,0.09824608364011445,0.07223391437423544,16,-0.09171957149382136,True,0.0719455436717908,39
sse/880471,sse/880471 银行,4749,X_leads_mic,1,-0.09822287883691538,0.4211233816603534,1,-0.09822287883691538,False,-0.00048552662599032903,60
sse/880473,sse/880473 保险,4737,X_leads_mic,1,-0.09800163274402734,0.47080420509030235,1,-0.09800163274402734,True,-0.0010322874092615342,60
sse/880603,sse/880603 新进指标股,1085,X_leads_mic,22,-0.09780673563896691,0.4550973030733092,2,-0.07975534875958917,True,0.16482481225484436,60
sse/880770,sse/880770 昨日上榜,1520,mic_leads_X,1,0.09705428212732134,0.5239350863581935,1,0.09705428212732134,True,0.002071076572248476,60
sse/880822,sse/880822 昨收活跃,1334,X_leads_mic,3,-0.09662479658981818,0.45561714336028397,3,-0.09662479658981818,True,0.0048667272314949495,60
sse/880802,sse/880802 QFII重仓,4749,X_leads_mic,1,-0.09637183003273973,0.7012527608291917,1,-0.09637183003273973,True,0.000249258170823885,60
sse/880894,sse/880894 养老金持股,1996,X_leads_mic,1,-0.09624099386398095,0.6922596671534371,1,-0.09624099386398095,True,-2.078411958750248e-05,60
sse/880472,sse/880472 证券,4749,X_leads_mic,1,-0.09618533807809948,0.6315200378704401,1,-0.09618533807809948,True,-0.001182898916241737,60
sse/880856,sse/880856 定增股,2659,X_leads_mic,1,-0.09558948857612928,0.7105598313128612,1,-0.09558948857612928,True,-0.000605538280700535,13
sse/880785,sse/880785 最近多板,1658,mic_leads_X,16,0.091660212527997,0.10879936310205289,16,0.091660212527997,True,-0.04179097770126339,18
sse/880898,sse/880898 近已解禁,1257,X_leads_mic,2,-0.09145056390060527,0.627641552766208,2,-0.09145056390060527,True,0.005053874582595874,60
sse/880081,sse/880081 轮动趋势,1057,mic_leads_X,31,0.09132742490721026,0.42942435651714306,12,-0.056601536290382275,True,0.012434506658109301,51
sse/880082,sse/880082 板块趋势,1057,mic_leads_X,58,0.09099033657780789,0.24312275886071866,1,0.06799787423529746,True,0.05389249345224606,54
sse/880818,sse/880818 通达信热股,1004,mic_leads_X,16,0.09084238728860777,0.49362664766118947,16,0.09084238728860777,True,0.04864556738579395,60
sse/880793,sse/880793 基金减仓,1588,X_leads_mic,2,-0.09030793245569785,0.5818872199083676,2,-0.09030793245569785,True,0.007167681730290365,60
sse/880622,sse/880622 破增发价,1036,X_leads_mic,1,-0.08928580419650142,0.6277450382158917,1,-0.08928580419650142,True,-9.874345893057246e-06,60
sse/880890,sse/880890 配股预案,1839,X_leads_mic,22,-0.08809672806892553,0.5130433695210342,2,-0.08336171500584595,True,-0.06264283623445654,60
sse/880735,sse/880735 专精特新,1205,X_leads_mic,2,-0.08725837993451419,0.6975474456785865,2,-0.08725837993451419,True,0.00983739992975291,60
sse/880816,sse/880816 密集调研,1818,X_leads_mic,34,-0.08644659700395828,0.559033135163934,2,-0.08641833014628086,True,0.05295672449658395,60
sse/880807,sse/880807 股东增持,3313,X_leads_mic,1,-0.08600368419370821,0.7200699848318981,1,-0.08600368419370821,True,-0.0007201089540385119,60
sse/880846,sse/880846 破净资产,3217,mic_leads_X,7,0.08581297402142651,0.4103255089518272,7,0.08581297402142651,True,-0.0013494100492130734,46
sse/880895,sse/880895 持续增长,1988,X_leads_mic,3,-0.08572590122833176,0.32094672734777674,3,-0.08572590122833176,True,-0.003625945149154264,53
sse/880821,sse/880821 大盘股,4749,X_leads_mic,1,-0.0851141428924907,0.6975810314365164,1,-0.0851141428924907,True,-3.116714832718248e-05,60
sse/880897,sse/880897 即将解禁,1986,mic_leads_X,30,0.0848442774018055,0.6715606804828734,1,-0.07916741214044123,True,0.05073547859744437,60
szse/399300,szse/399300 沪深300,4749,X_leads_mic,1,-0.08392428822243339,0.7659980375060723,1,-0.08392428822243339,True,3.2565439513798644e-05,60
szse/399481,szse/399481 企债指数,4749,X_leads_mic,25,-0.08345715844133884,-0.02510049215057215,19,0.04445631355905424,True,-0.010210414031270737,60
sse/880771,sse/880771 MSCI中盘,1746,X_leads_mic,2,-0.08278117062992675,0.625360421846351,2,-0.08278117062992675,True,0.0018288195541309449,60
sse/880970,sse/880970 分拆上市预期,1599,X_leads_mic,2,-0.08255797783475961,0.5787838411137266,2,-0.08255797783475961,True,0.003896380498566776,60
sse/880878,sse/880878 百元股,2274,X_leads_mic,1,-0.08060305651111548,0.546445237941324,1,-0.08060305651111548,True,0.00141234971200202,60
sse/880721,sse/880721 北上重仓,1240,X_leads_mic,2,-0.08060027097163008,0.3520953145432606,2,-0.08060027097163008,True,0.004668969667338541,60
sse/880874,sse/880874 昨曾涨停,2288,X_leads_mic,7,-0.08056992342609742,0.08737236751017888,7,-0.08056992342609742,True,0.017872231429300136,41
sse/880884,sse/880884 最近异动,2174,mic_leads_X,35,0.07982535741624126,0.17992482764671497,16,0.06725566868980563,True,0.14517223565379733,60
sse/880868,sse/880868 高贝塔值,2388,X_leads_mic,11,-0.07929614914692004,0.611416592615316,11,-0.07929614914692004,True,0.011240256817161676,60
sse/880825,sse/880825 预计转亏,887,X_leads_mic,25,-0.07928178795047902,0.6229014289134817,19,0.06589728847012373,True,-0.002836423408199229,60
sse/880864,sse/880864 昨日振荡,2413,X_leads_mic,7,-0.07907300233972425,0.12727422218313303,7,-0.07907300233972425,True,-0.007217901503330598,60
sse/880779,sse/880779 高融资盘,1681,X_leads_mic,2,-0.07878307032003379,0.8200990000849061,2,-0.07878307032003379,True,0.005090193269506549,60
sse/880789,sse/880789 昨成交20,1353,mic_leads_X,37,0.07847208193858018,0.3017959766462469,16,0.06795873530841848,False,0.10112599809503053,60
sse/880805,sse/880805 保险重仓,4749,X_leads_mic,1,-0.0784371331238434,0.6931635267700648,1,-0.0784371331238434,True,-0.0003312725968693808,43
sse/880778,sse/880778 次新预增,1473,X_leads_mic,2,-0.0781532807392787,0.5428079609492296,2,-0.0781532807392787,True,-0.008923472581052791,60
sse/880867,sse/880867 昨高换手,2388,X_leads_mic,50,-0.07797892860932859,0.1220229783600558,18,-0.054216744114386525,True,-0.0618499172331559,60
sse/880847,sse/880847 行业龙头,3305,X_leads_mic,6,-0.0778012547703731,0.531782435346317,6,-0.0778012547703731,True,-0.0005706943373483542,60
sse/880814,sse/880814 拟增持,1834,X_leads_mic,2,-0.07762804586178103,0.6228500172356072,2,-0.07762804586178103,True,0.00039971044557141067,60
sse/880380,sse/880380 酿酒,4749,X_leads_mic,1,-0.07707119730588453,0.5365554660789057,1,-0.07707119730588453,True,-0.001111191658785926,60
szse/399001,szse/399001 深证成指,4749,X_leads_mic,1,-0.0767295418751741,0.8145872674650619,1,-0.0767295418751741,True,0.0007590088361713043,60
sse/880783,sse/880783 社保新进,1677,X_leads_mic,2,-0.07660889234523158,0.5546141665103583,2,-0.07660889234523158,True,0.003064179595803962,60
sse/880836,sse/880836 配股股,4370,X_leads_mic,1,-0.07645488982100744,0.720426701980267,1,-0.07645488982100744,True,0.0004491542981503449,60
sse/880539,sse/880539 股权激励,4749,X_leads_mic,1,-0.07636637815400656,0.7899073846586129,1,-0.07636637815400656,True,0.0008926506651202315,60
sse/880543,sse/880543 外资背景,3583,X_leads_mic,1,-0.07600669570844346,0.6980926308129628,1,-0.07600669570844346,True,0.00013373541643990627,60
sse/880842,sse/880842 业绩预升,3194,X_leads_mic,1,-0.07593684856068698,0.7533638947516083,1,-0.07593684856068698,True,0.0010766089725600114,60
sse/880815,sse/880815 拟减持,1832,X_leads_mic,2,-0.07550826556992238,0.7075793621688586,2,-0.07550826556992238,True,0.004650677185605578,60
sse/880792,sse/880792 基金增仓,1588,X_leads_mic,12,-0.07454248490285484,0.5788956659219799,12,-0.07454248490285484,True,0.034653465231201955,60
sse/880387,sse/880387 家用电器,4749,X_leads_mic,1,-0.074493002470527,0.7138176734374819,1,-0.074493002470527,True,-0.0004414979943885289,43
szse/399102,szse/399102 创业板综,3920,X_leads_mic,1,-0.07436665812689369,0.818748626239281,1,-0.07436665812689369,True,0.0004774878343976052,60
sse/880880,sse/880880 近期强势,2214,mic_leads_X,51,0.07418805010420576,0.46556592662974117,4,0.057250908664553055,True,0.10363409078370706,60
sse/000012,sse/000012 国债指数,4749,X_leads_mic,27,-0.07403858726754177,-0.04108523181350355,1,0.04443067158311483,True,-0.009153407598677221,60
sse/880857,sse/880857 证金汇金持股,2659,X_leads_mic,1,-0.07397547404367194,0.6591693354677288,1,-0.07397547404367194,True,-0.0015165735253444002,60
sse/880804,sse/880804 信托重仓,4749,X_leads_mic,1,-0.07310991213649258,0.7764111833266379,1,-0.07310991213649258,True,-0.0005951977889159243,46
sse/880863,sse/880863 昨日涨停,2413,mic_leads_X,29,0.07291988584294351,0.006925249566303198,14,-0.05433295550114198,True,-0.016304669613960696,60
sse/880826,sse/880826 低市盈率,4749,X_leads_mic,1,-0.07214386147733534,0.6579930837012808,1,-0.07214386147733534,True,-0.00027599168278003017,46
sse/880875,sse/880875 中小银行,2288,X_leads_mic,43,-0.07201778811984882,0.3123057209478107,3,-0.06297820060834881,True,-0.03150607467038502,60
sse/880756,sse/880756 机构吸筹,1145,X_leads_mic,5,-0.0711031765098197,0.6622888912375297,5,-0.0711031765098197,True,0.03333119267401746,60
sse/880559,sse/880559 要约收购,1877,mic_leads_X,9,0.07074615644365231,0.606827840446887,9,0.07074615644365231,True,0.014173117013987824,60
sse/880881,sse/880881 近期弱势,2189,X_leads_mic,2,-0.0707354295717645,0.7279037648680119,2,-0.0707354295717645,True,0.00029298813438733903,60
sse/880806,sse/880806 社保重仓,4749,X_leads_mic,1,-0.06965342364429734,0.7388468091212771,1,-0.06965342364429734,True,-0.0002427550712530424,60
sse/880786,sse/880786 海外业务,1647,X_leads_mic,12,-0.0681443467552088,0.5386598936805186,12,-0.0681443467552088,True,0.03917367319658205,60
sse/880565,sse/880565 送转潜力,3413,X_leads_mic,1,-0.06790936768679244,0.8037939745572314,1,-0.06790936768679244,True,0.0004134670163473686,60
sse/880883,sse/880883 MSCI成份,2207,X_leads_mic,2,-0.06758890154618928,0.504947334217721,2,-0.06758890154618928,True,0.0003249115430273841,60
sse/880885,sse/880885 近端次新,2156,mic_leads_X,16,0.06744516109360554,0.1832828305236711,16,0.06744516109360554,False,0.01665854334120337,60
sse/880781,sse/880781 QFII新进,1677,X_leads_mic,22,-0.06698725504073955,0.6516068051014035,2,-0.04672391920339617,True,0.038293631797441274,60
sse/880769,sse/880769 股权集中,1434,X_leads_mic,2,-0.06624574218400647,0.7889187767114014,2,-0.06624574218400647,True,0.0008561429853572999,60
sse/880817,sse/880817 商誉减值,1819,X_leads_mic,2,-0.0656496942154055,0.7561023759049716,2,-0.0656496942154055,True,-0.0006736545728872612,60
sse/880849,sse/880849 回购计划,3091,X_leads_mic,1,-0.06510680314969237,0.7531890642826726,1,-0.06510680314969237,True,0.0003423816554516401,60
sse/880870,sse/880870 两年新股,2365,X_leads_mic,2,-0.06501788660059854,0.7615352515869571,2,-0.06501788660059854,True,0.0008554142573673484,60
sse/880782,sse/880782 保险新进,1677,mic_leads_X,30,0.06412113500297983,0.5073332404847203,12,-0.06136733723299753,True,0.011560577780752118,60
sse/880787,sse/880787 高商誉,1647,X_leads_mic,15,-0.0626544362002508,0.7210865890304661,15,-0.0626544362002508,True,0.012897711961380672,60
sse/880865,sse/880865 近期新高,2388,mic_leads_X,4,0.06238929778369552,0.4081444511032788,4,0.06238929778369552,True,0.007051088753832313,60
sse/880829,sse/880829 低市净率,4749,X_leads_mic,1,-0.06163980399263433,0.6580012609673435,1,-0.06163980399263433,False,-0.0004885292681082731,60
sse/880876,sse/880876 户数增加,2288,X_leads_mic,2,-0.061551452580579716,0.6977116886649719,2,-0.061551452580579716,True,0.00046204976430130884,60
sse/880848,sse/880848 被举牌,3091,X_leads_mic,6,-0.06105785837380259,0.676713757559865,6,-0.06105785837380259,True,-0.002541097056731667,34
sse/880837,sse/880837 活跃股,4749,mic_leads_X,16,0.060970256868435414,0.25416388512413973,16,0.060970256868435414,True,0.01110973290632522,60
sse/880790,sse/880790 高负债率,1647,X_leads_mic,2,-0.060063737800310546,0.7351481974095514,2,-0.060063737800310546,True,-0.004705767715311462,50
sse/880877,sse/880877 户数减少,2288,X_leads_mic,2,-0.059685875056403014,0.6197092833300888,2,-0.059685875056403014,True,0.0031907740197441026,60
sse/000001,sse/000001 上证综指,4749,X_leads_mic,1,-0.059544883383856995,0.803499178528359,1,-0.059544883383856995,True,0.00017407475183761623,60
sse/880858,sse/880858 国开持股,2574,X_leads_mic,2,-0.05948377256298739,0.5598167308460434,2,-0.05948377256298739,True,-0.0006829512982852171,60
sse/880532,sse/880532 整体上市,4749,X_leads_mic,1,-0.05904318421108685,0.7544728810419897,1,-0.05904318421108685,True,-0.00044265109509999956,42
sse/880476,sse/880476 建筑,4749,X_leads_mic,2,-0.05893604836781456,0.7606919503142735,2,-0.05893604836781456,True,-0.0012229054279080387,26
sse/880893,sse/880893 送转超跌,1996,X_leads_mic,48,-0.05881272029515908,0.7666788386184241,15,-0.048502769089136595,True,0.005593567178585279,60
sse/880780,sse/880780 融资增加,1681,mic_leads_X,31,0.05857575504418322,0.5793864542187638,15,-0.058183238215630206,True,0.02541479661052548,60
sse/880400,sse/880400 医药,4749,X_leads_mic,1,-0.05822622917519383,0.7871471434793842,1,-0.05822622917519383,True,-0.0007239192757297896,60
sse/880859,sse/880859 员工持股,2531,X_leads_mic,1,-0.058168481419866885,0.6353508272909059,1,-0.058168481419866885,True,0.001043439215066,60
sse/880447,sse/880447 工程机械,4392,X_leads_mic,3,-0.057554796594660965,0.7343906023988696,3,-0.057554796594660965,True,-0.0006573739372520704,60
sse/880803,sse/880803 券商重仓,4749,X_leads_mic,1,-0.05754056509972033,0.799964564989179,1,-0.05754056509972033,True,3.610032129630625e-05,60
sse/880538,sse/880538 参股金融,4749,X_leads_mic,1,-0.05740959185207653,0.8357070092236372,1,-0.05740959185207653,True,-4.8776945291595375e-05,60
sse/880812,sse/880812 昨日连板,1972,mic_leads_X,57,0.05629409508338546,0.00012415477958669592,7,0.0518615503697667,True,-0.03309138420754765,60
sse/880845,sse/880845 高股息股,3311,mic_leads_X,16,0.05597761870710384,0.5402278056887944,16,0.05597761870710384,True,-0.0027038654437098186,46
sse/880344,sse/880344 建材,4749,X_leads_mic,2,-0.05588807097871868,0.7957144991334696,2,-0.05588807097871868,True,0.002089559694095411,60
sse/880843,sse/880843 业绩预降,3044,X_leads_mic,14,-0.05505984528047973,0.7425451649412622,14,-0.05505984528047973,True,0.021342377365837772,60
sse/880947,sse/880947 债转股AMC,2375,X_leads_mic,11,-0.05497062707900013,0.7906083763951118,11,-0.05497062707900013,True,0.002930218784995553,60
sse/880390,sse/880390 汽车类,4749,X_leads_mic,1,-0.054358253013999346,0.8166015992550686,1,-0.054358253013999346,True,-0.0009875370869348865,43
sse/880372,sse/880372 食品饮料,4749,X_leads_mic,1,-0.05405419377243552,0.7538190983226261,1,-0.05405419377243552,True,-0.0008223895694046135,60
sse/880573,sse/880573 摘帽,3349,mic_leads_X,1,0.05339773907376189,0.7925396029903382,1,0.05339773907376189,False,5.8239699514933685e-05,60
sse/880860,sse/880860 扣非亏损,2531,X_leads_mic,2,-0.05299633435858458,0.8361591094848101,2,-0.05299633435858458,True,0.0012216110382760048,60
sse/880398,sse/880398 医疗保健,4749,X_leads_mic,1,-0.05200602341875919,0.7377991685291323,1,-0.05200602341875919,True,-0.0010869834865047667,60
sse/880813,sse/880813 重组预案,1966,mic_leads_X,45,0.05176773654830368,0.7869818989832291,2,-0.047174647756935306,True,0.006749114735005279,39
sse/880871,sse/880871 股权分散,2365,X_leads_mic,2,-0.05112268026657485,0.8637430649068775,2,-0.05112268026657485,True,0.0004805222763092365,60
sse/880431,sse/880431 船舶,4749,mic_leads_X,10,0.050711090683039126,0.6407520141490152,10,0.050711090683039126,True,0.003409035438541555,60
sse/880808,sse/880808 股东减持,3313,X_leads_mic,1,-0.05055332514290275,0.7337466156835566,1,-0.05055332514290275,True,0.00043516914099128723,60
sse/880850,sse/880850 定增预案,3091,X_leads_mic,2,-0.049996269642815526,0.778761270282103,2,-0.049996269642815526,True,0.0025268917634366783,60
sse/880494,sse/880494 互联网,4749,X_leads_mic,1,-0.04879093382613527,0.7586113542322945,1,-0.04879093382613527,True,-0.0005005195757698255,60
sse/880423,sse/880423 酒店餐饮,4749,mic_leads_X,57,0.04877448365890147,0.7267085145079183,9,0.03816154571940443,True,-0.04449362092449881,60
sse/880448,sse/880448 电器仪表,4749,X_leads_mic,1,-0.04836712794260235,0.8121616509254878,1,-0.04836712794260235,True,-0.00018128291256835904,60
sse/880891,sse/880891 破发行价,2037,X_leads_mic,1,-0.04806252759398873,0.856758893772707,1,-0.04806252759398873,True,-0.0002883935985522612,60
sse/880851,sse/880851 已高送转,2790,X_leads_mic,3,-0.0465916914675486,0.7132338876619467,3,-0.0465916914675486,True,-0.0032038583846635826,48
sse/880879,sse/880879 低价股,2274,mic_leads_X,12,0.04652543101731126,0.8744856077035603,12,0.04652543101731126,True,-0.00720484218164652,43
sse/880452,sse/880452 电信运营,4749,X_leads_mic,1,-0.04642107418382286,0.6227583584761948,1,-0.04642107418382286,True,-0.0002867995132978529,26
sse/880310,sse/880310 石油,4749,mic_leads_X,20,0.046294057521697976,0.482087254669918,20,0.046294057521697976,True,0.013913339386628976,60
sse/880432,sse/880432 运输设备,4749,X_leads_mic,6,-0.046069236525981695,0.6904849102161873,6,-0.046069236525981695,True,-0.0051211177527483165,34
sse/880896,sse/880896 风险提示,1988,mic_leads_X,1,0.045192892443098306,0.7819779444276442,1,0.045192892443098306,True,-8.956558227535272e-05,60
sse/880852,sse/880852 参股新股,2934,X_leads_mic,1,-0.04494253898604653,0.75395686591102,1,-0.04494253898604653,True,-0.0002631500502583428,60
sse/880887,sse/880887 次新超跌,2082,X_leads_mic,11,-0.04493076366127106,0.8156429102948584,11,-0.04493076366127106,True,-0.0005628914298672488,60
sse/880430,sse/880430 航空,4749,mic_leads_X,28,0.044923007591179585,0.6994915204542062,5,-0.04454755628884302,True,-0.01094639900130645,34
sse/880455,sse/880455 供气供热,4749,mic_leads_X,18,0.04430577536362462,0.7952635687739944,18,0.04430577536362462,True,0.009737219491849268,60
sse/880708,sse/880708 台资背景,1761,mic_leads_X,46,0.043462927939555626,0.7349604257463384,7,-0.04057669735654557,True,0.04356347917222869,60
sse/880892,sse/880892 高质押股,2034,X_leads_mic,11,-0.043245236692121436,0.8135599501892588,11,-0.043245236692121436,True,0.042857194915226146,60
sse/880889,sse/880889 不活跃股,1994,X_leads_mic,2,-0.04313523830654473,0.8771739638826066,2,-0.04313523830654473,False,-0.0023424271873344615,60
sse/880482,sse/880482 房地产,4749,X_leads_mic,2,-0.04191992494269109,0.7471038261165058,2,-0.04191992494269109,True,-0.0016226298113859172,60
sse/880456,sse/880456 环境保护,4749,X_leads_mic,1,-0.04148592907212875,0.8427484313028409,1,-0.04148592907212875,True,0.00012235788325667268,60
sse/880301,sse/880301 煤炭,4749,mic_leads_X,36,0.04062606798323031,0.5869363293039133,20,0.03324498866028821,True,0.015075603368194912,60
sse/880305,sse/880305 电力,4749,mic_leads_X,10,0.040273090464483866,0.7077493406428707,10,0.040273090464483866,True,0.0022118142457423495,60
sse/880474,sse/880474 多元金融,4749,mic_leads_X,18,0.03992960624200422,0.6956488978463194,18,0.03992960624200422,True,-0.007881937039715747,36
sse/880702,sse/880702 壳资源,1877,mic_leads_X,2,0.03968872223582502,0.9340535272852111,2,0.03968872223582502,True,-0.0004218943975143885,60
sse/880490,sse/880490 通信设备,4749,X_leads_mic,34,-0.03933005160386277,0.7700743084277907,3,-0.02526228987818754,True,0.04936464820904596,60
sse/880827,sse/880827 高市净率,4749,X_leads_mic,1,-0.03924167769199255,0.7477007575015938,1,-0.03924167769199255,True,0.0012460333403581103,60
szse/399101,szse/399101 中小板综指,4749,X_leads_mic,2,-0.03916137669682848,0.8965008643522994,2,-0.03916137669682848,True,0.0006139957990537459,60
sse/880465,sse/880465 交通设施,4749,X_leads_mic,42,-0.03819004351042775,0.7585570535764351,2,-0.03664886744571603,True,-0.01762076634116383,46
sse/880421,sse/880421 广告包装,4749,X_leads_mic,1,-0.03757883972918259,0.8611445471859138,1,-0.03757883972918259,True,-0.0004507905789311595,60
sse/880576,sse/880576 重组股,3334,mic_leads_X,30,0.03746492166767094,0.804582462797091,2,-0.03639406274699647,True,0.02219915365283967,60
sse/880459,sse/880459 运输服务,4749,mic_leads_X,10,0.037369086459636214,0.7129186816460881,10,0.037369086459636214,True,0.0021821828997803383,60
sse/880492,sse/880492 元器件,4749,X_leads_mic,1,-0.03702708865438436,0.8325753322620782,1,-0.03702708865438436,True,0.0012675827331535272,60
sse/880424,sse/880424 旅游,4749,X_leads_mic,2,-0.03637270126608102,0.7050880454298402,2,-0.03637270126608102,True,-0.0017230426940710863,60
sse/880562,sse/880562 高校背景,3413,X_leads_mic,33,-0.036122083637991485,0.8549104639507439,6,-0.029635797613916628,True,0.010647328065526152,60
sse/880491,sse/880491 半导体,4749,X_leads_mic,12,-0.03604604235235727,0.757965622317091,12,-0.03604604235235727,True,0.011956939362149255,60
sse/880418,sse/880418 传媒娱乐,4749,X_leads_mic,1,-0.03587690501419304,0.8107317326084973,1,-0.03587690501419304,True,-0.0006809458085815789,26
sse/880454,sse/880454 水务,4749,mic_leads_X,37,0.035524705222824825,0.7880088327106324,18,0.03444212040282611,True,-0.00627624368837576,34
sse/880809,sse/880809 基金独门,3313,X_leads_mic,11,-0.03551441787530663,0.9027155137155022,11,-0.03551441787530663,True,0.01214035382588774,60
sse/880453,sse/880453 公共交通,4749,X_leads_mic,41,-0.03533176973012696,0.8028463569784035,11,-0.024753293154844255,True,-0.04013497643800795,43
sse/880446,sse/880446 电气设备,4749,X_leads_mic,2,-0.034885436910800594,0.8080804655581049,2,-0.034885436910800594,True,6.311258041435952e-05,60
sse/880861,sse/880861 连续亏损,2531,mic_leads_X,42,0.03465295376941815,0.8522885870733916,2,-0.029270938642301528,True,0.044175825450731565,60
sse/880489,sse/880489 IT设备,4749,X_leads_mic,15,-0.03460690106381915,0.8187287616144733,15,-0.03460690106381915,True,0.006738997097608057,60
sse/880493,sse/880493 软件服务,4749,X_leads_mic,1,-0.034213744810606565,0.8325041888718645,1,-0.034213744810606565,True,-0.0010614678591871485,46
sse/880873,sse/880873 个人持股,2288,X_leads_mic,15,-0.03405635800446119,0.9288135952065218,15,-0.03405635800446119,True,0.02953465562687385,60
sse/880324,sse/880324 有色,4749,X_leads_mic,22,-0.0337264128088277,0.7261101531683065,7,-0.02201021602973032,True,0.025365893250932747,60
sse/880399,sse/880399 家居用品,4749,mic_leads_X,58,0.033197114318993456,0.8103429395953766,9,0.028816480708376203,True,0.01105404801732035,60
sse/880355,sse/880355 日用化工,4749,X_leads_mic,43,-0.03293151745894539,0.7343455532563506,2,-0.032900582696437246,True,-0.050105424378079355,60
sse/880351,sse/880351 矿物制品,4749,X_leads_mic,34,-0.03282672348987535,0.7874491248603344,1,-0.027510604359717833,True,0.027504605546938343,60
sse/880882,sse/880882 久不分红,2214,mic_leads_X,30,0.03265670850015661,0.8477566239820966,11,-0.02824014476753363,True,0.057270162149000714,60
sse/880318,sse/880318 钢铁,4749,X_leads_mic,2,-0.03252661325258257,0.729845991582673,2,-0.03252661325258257,True,-0.000146699466347322,60
sse/880844,sse/880844 预计扭亏,2950,mic_leads_X,56,0.03244696853425123,0.7203954602832818,2,-0.032441842520848495,True,0.07287458935605395,60
sse/880464,sse/880464 仓储物流,4749,X_leads_mic,1,-0.0320033786669425,0.7874126077991541,1,-0.0320033786669425,True,-0.0004607661306402222,42
sse/880869,sse/880869 股权转让,2378,X_leads_mic,2,-0.031291834877100265,0.9173867844816964,2,-0.031291834877100265,True,0.002115517435158809,60
sse/880440,sse/880440 工业机械,4749,X_leads_mic,1,-0.031027142581439328,0.8814683618980846,1,-0.031027142581439328,True,0.0008620053818662043,60
sse/880335,sse/880335 化工,4749,X_leads_mic,1,-0.030192647086231532,0.8818420631849814,1,-0.030192647086231532,True,0.00020212932522323257,60
sse/880360,sse/880360 农林牧渔,4749,mic_leads_X,38,0.02982904435506976,0.7717723425829368,7,-0.023002724788497797,True,-0.0289729671772454,60
sse/880437,sse/880437 通用机械,4749,X_leads_mic,12,-0.02869727232436859,0.8996493072808656,12,-0.02869727232436859,True,0.009467886476616671,60
sse/880406,sse/880406 商业连锁,4749,X_leads_mic,2,-0.028531747738676845,0.8686381023673669,2,-0.028531747738676845,True,-0.0016228057769598903,53
sse/880330,sse/880330 化纤,4749,mic_leads_X,30,0.027882765480213085,0.804500292215526,6,-0.017483139475198934,True,0.009794953174248833,60
sse/880824,sse/880824 高市盈率,4749,X_leads_mic,12,-0.025853756924264337,0.8820852808115446,12,-0.025853756924264337,True,0.008965694287463688,60
sse/880422,sse/880422 文教休闲,4749,X_leads_mic,44,-0.024896397075428813,0.8499815370982683,19,-0.024799916633571506,True,-0.009922014301314855,43
sse/880834,sse/880834 微利股,4749,X_leads_mic,57,-0.024888713737525298,0.88439207612827,2,-0.021987757406295008,True,0.06498382262329586,60
sse/880414,sse/880414 商贸代理,4749,mic_leads_X,27,0.024294206995887323,0.8716468954293051,4,0.01832268433141348,True,0.005718518252036106,60
sse/880833,sse/880833 亏损股,4749,mic_leads_X,1,0.02421482741357628,0.9052368549587423,1,0.02421482741357628,True,8.121530176005698e-05,60
sse/880350,sse/880350 造纸,4749,X_leads_mic,60,-0.023201681222872944,0.8550917020762001,4,0.02108412621960716,False,0.01408347928849546,60
sse/880497,sse/880497 综合类,4749,mic_leads_X,51,0.022150750676075654,0.8825137367164485,2,0.020922844719510073,True,0.09915630213823562,60
sse/880367,sse/880367 纺织服饰,4749,mic_leads_X,36,0.020557042179853505,0.9126837147728275,1,0.010815697223704124,True,0.008521190046834742,60
