a,b,k,d,ad,overlap_days,a_name,b_name
sse/880864,sse/880752,118,1.4655518743342684,1.4655518743342684,1171,sse/880864 昨日振荡,sse/880752 昨曾跌停
sse/880866,sse/880825,104,1.2255134801017782,1.2255134801017782,922,sse/880866 近期新低,sse/880825 预计转亏
sse/880772,sse/880770,100,-1.2206074642505196,1.2206074642505196,836,sse/880772 最近闪拉,sse/880770 昨日上榜
sse/880885,sse/880641,70,-1.1209348511405017,1.1209348511405017,670,sse/880885 近端次新,sse/880641 历史新低
sse/880886,sse/880082,71,-1.0299739308132125,1.0299739308132125,1058,sse/880886 昨日较强,sse/880082 板块趋势
sse/880885,sse/880752,118,1.0263985383354681,1.0263985383354681,1171,sse/880885 近端次新,sse/880752 昨曾跌停
sse/880884,sse/880825,97,-1.01442636796897,1.01442636796897,940,sse/880884 最近异动,sse/880825 预计转亏
sse/880418,sse/880677,118,0.9879504681081754,0.9879504681081754,731,sse/880418 传媒娱乐,sse/880677 活跃可转债
sse/880482,sse/880677,102,0.9712972780899705,0.9712972780899705,731,sse/880482 房地产,sse/880677 活跃可转债
sse/880842,sse/880677,119,0.9454051249122808,0.9454051249122808,575,sse/880842 业绩预升,sse/880677 活跃可转债
sse/880459,sse/880756,116,0.9297961103782271,0.9297961103782271,1146,sse/880459 运输服务,sse/880756 机构吸筹
sse/880360,sse/880773,119,0.8893421570508124,0.8893421570508124,983,sse/880360 农林牧渔,sse/880773 最近闪跌
sse/880836,sse/880778,116,0.8846768115131978,0.8846768115131978,1210,sse/880836 配股股,sse/880778 次新预增
sse/880836,sse/880782,118,0.847989273608154,0.847989273608154,1364,sse/880836 配股股,sse/880782 保险新进
sse/880773,sse/880898,81,0.8442841166106182,0.8442841166106182,523,sse/880773 最近闪跌,sse/880898 近已解禁
sse/880784,sse/880825,80,0.8379022916928053,0.8379022916928053,937,sse/880784 昨日较弱,sse/880825 预计转亏
sse/880947,sse/880772,98,0.83648676397073,0.83648676397073,1038,sse/880947 债转股AMC,sse/880772 最近闪拉
sse/880854,sse/880756,112,-0.8318993602799666,0.8318993602799666,748,sse/880854 预高送转,sse/880756 机构吸筹
sse/880836,sse/880620,88,0.8263930293976514,0.8263930293976514,729,sse/880836 配股股,sse/880620 券商金股
sse/880772,sse/880735,59,-0.8160355702493749,0.8160355702493749,521,sse/880772 最近闪拉,sse/880735 专精特新
sse/880772,sse/880790,84,-0.8146731294851293,0.8146731294851293,963,sse/880772 最近闪拉,sse/880790 高负债率
sse/880837,sse/880752,118,0.7576443383893028,0.7576443383893028,1171,sse/880837 活跃股,sse/880752 昨曾跌停
sse/880456,sse/880772,72,0.7542151653311338,0.7542151653311338,1038,sse/880456 环境保护,sse/880772 最近闪拉
sse/880773,sse/880769,98,0.7514544566975405,0.7514544566975405,700,sse/880773 最近闪跌,sse/880769 股权集中
sse/880836,sse/880735,111,0.7489798353085434,0.7489798353085434,892,sse/880836 配股股,sse/880735 专精特新
sse/880866,sse/880886,119,0.7457817212265447,0.7457817212265447,2092,sse/880866 近期新低,sse/880886 昨日较强
sse/880493,sse/880784,104,-0.7424813309159513,0.7424813309159513,1651,sse/880493 软件服务,sse/880784 昨日较弱
sse/880452,sse/880752,118,0.737293668385473,0.737293668385473,1171,sse/880452 电信运营,sse/880752 昨曾跌停
sse/880864,sse/880641,75,-0.7349193829586421,0.7349193829586421,670,sse/880864 昨日振荡,sse/880641 历史新低
sse/880842,sse/880756,118,0.7335594792666285,0.7335594792666285,959,sse/880842 业绩预升,sse/880756 机构吸筹
sse/880867,sse/880825,75,0.7276757386951638,0.7276757386951638,940,sse/880867 昨高换手,sse/880825 预计转亏
sse/880858,sse/880772,98,0.7213440130440896,0.7213440130440896,1038,sse/880858 国开持股,sse/880772 最近闪拉
sse/880890,sse/880640,81,0.7158043725771874,0.7158043725771874,752,sse/880890 配股预案,sse/880640 历史新高
sse/880772,sse/880898,43,-0.712369733407726,0.712369733407726,573,sse/880772 最近闪拉,sse/880898 近已解禁
sse/880886,sse/880752,116,0.707106576722343,0.707106576722343,1171,sse/880886 昨日较强,sse/880752 昨曾跌停
sse/880811,sse/880082,104,-0.706865365087742,0.706865365087742,609,sse/880811 陆股通减,sse/880082 板块趋势
sse/880866,sse/880778,116,0.7067528459777174,0.7067528459777174,1450,sse/880866 近期新低,sse/880778 次新预增
sse/880778,sse/880082,114,-0.7014425917237929,0.7014425917237929,882,sse/880778 次新预增,sse/880082 板块趋势
sse/880843,sse/880721,116,-0.6940738630919474,0.6940738630919474,913,sse/880843 业绩预降,sse/880721 北上重仓
sse/880406,sse/880756,115,0.6904704873314249,0.6904704873314249,1146,sse/880406 商业连锁,sse/880756 机构吸筹
sse/880842,sse/880641,118,0.6899686099018925,0.6899686099018925,569,sse/880842 业绩预升,sse/880641 历史新低
sse/880406,sse/880784,105,-0.6832535273988847,0.6832535273988847,1651,sse/880406 商业连锁,sse/880784 昨日较弱
sse/880836,sse/880756,93,0.6827080421109275,0.6827080421109275,832,sse/880836 配股股,sse/880756 机构吸筹
sse/880784,sse/880790,98,0.6746966779274453,0.6746966779274453,1640,sse/880784 昨日较弱,sse/880790 高负债率
sse/880782,sse/880677,116,0.6728760179850307,0.6728760179850307,731,sse/880782 保险新进,sse/880677 活跃可转债
sse/880836,sse/880822,117,0.6687645900859208,0.6687645900859208,1033,sse/880836 配股股,sse/880822 昨收活跃
sse/880785,sse/880677,116,0.6605854191620733,0.6605854191620733,731,sse/880785 最近多板,sse/880677 活跃可转债
sse/880836,sse/880603,96,0.6602281179472382,0.6602281179472382,772,sse/880836 配股股,sse/880603 新进指标股
sse/880836,sse/880783,113,0.6590406991701954,0.6590406991701954,1364,sse/880836 配股股,sse/880783 社保新进
sse/880454,sse/880772,100,0.6589898033483901,0.6589898033483901,1038,sse/880454 水务,sse/880772 最近闪拉
sse/880864,sse/880082,86,-0.6522091100522617,0.6522091100522617,1058,sse/880864 昨日振荡,sse/880082 板块趋势
sse/880854,sse/880620,119,-0.6497051173002066,0.6497051173002066,719,sse/880854 预高送转,sse/880620 券商金股
sse/880874,sse/880756,60,-0.6456628103410229,0.6456628103410229,1146,sse/880874 昨曾涨停,sse/880756 机构吸筹
sse/880887,sse/880756,116,0.6400137008230306,0.6400137008230306,1146,sse/880887 次新超跌,sse/880756 机构吸筹
sse/880472,sse/880784,98,-0.6393403375207336,0.6393403375207336,1651,sse/880472 证券,sse/880784 昨日较弱
sse/880833,sse/880784,106,-0.6385703351204483,0.6385703351204483,1651,sse/880833 亏损股,sse/880784 昨日较弱
sse/880807,sse/880752,109,0.6372316844582637,0.6372316844582637,1171,sse/880807 股东增持,sse/880752 昨曾跌停
sse/880812,sse/880774,68,0.6355777271001248,0.6355777271001248,1723,sse/880812 昨日连板,sse/880774 昨日首板
sse/880836,sse/880622,89,0.6350201597187641,0.6350201597187641,723,sse/880836 配股股,sse/880622 破增发价
sse/880887,sse/880784,104,-0.6329520817464547,0.6329520817464547,1651,sse/880887 次新超跌,sse/880784 昨日较弱
sse/880886,sse/880772,116,-0.6174458674393908,0.6174458674393908,1038,sse/880886 昨日较强,sse/880772 最近闪拉
sse/880772,sse/880778,117,-0.6166213480421225,0.6166213480421225,884,sse/880772 最近闪拉,sse/880778 次新预增
sse/880884,sse/880778,105,0.6145704225978924,0.6145704225978924,1486,sse/880884 最近异动,sse/880778 次新预增
sse/880887,sse/880082,103,-0.6131700964546402,0.6131700964546402,1058,sse/880887 次新超跌,sse/880082 板块趋势
sse/880456,sse/880784,104,-0.6085155546354027,0.6085155546354027,1651,sse/880456 环境保护,sse/880784 昨日较弱
sse/880772,sse/880779,68,-0.6054366016139375,0.6054366016139375,997,sse/880772 最近闪拉,sse/880779 高融资盘
sse/880874,sse/880752,116,0.6039831081201041,0.6039831081201041,1171,sse/880874 昨曾涨停,sse/880752 昨曾跌停
sse/880476,sse/880772,119,0.603497588374194,0.603497588374194,1038,sse/880476 建筑,sse/880772 最近闪拉
sse/880817,sse/880756,116,0.6024338514736253,0.6024338514736253,1146,sse/880817 商誉减值,sse/880756 机构吸筹
sse/880355,sse/880677,91,0.6006753571069132,0.6006753571069132,731,sse/880355 日用化工,sse/880677 活跃可转债
sse/880421,sse/880784,98,-0.5980924464175115,0.5980924464175115,1651,sse/880421 广告包装,sse/880784 昨日较弱
sse/880867,sse/880774,115,0.5967367369580576,0.5967367369580576,1723,sse/880867 昨高换手,sse/880774 昨日首板
sse/880843,sse/880898,103,-0.5909466602995171,0.5909466602995171,930,sse/880843 业绩预降,sse/880898 近已解禁
sse/880837,sse/880782,118,0.5900889302967317,0.5900889302967317,1678,sse/880837 活跃股,sse/880782 保险新进
sse/880863,sse/880773,60,0.5889647439404665,0.5889647439404665,983,sse/880863 昨日涨停,sse/880773 最近闪跌
sse/880890,sse/880752,110,0.5888327897334127,0.5888327897334127,1000,sse/880890 配股预案,sse/880752 昨曾跌停
sse/880418,sse/880640,101,0.5858672374023426,0.5858672374023426,919,sse/880418 传媒娱乐,sse/880640 历史新高
sse/880886,sse/880756,113,0.5826835033501562,0.5826835033501562,1146,sse/880886 昨日较强,sse/880756 机构吸筹
sse/880421,sse/880867,103,-0.5814416506652164,0.5814416506652164,2389,sse/880421 广告包装,sse/880867 昨高换手
sse/880772,sse/880723,58,-0.5811271646597,0.5811271646597,536,sse/880772 最近闪拉,sse/880723 发可转债
sse/880810,sse/880817,109,0.580447992095134,0.580447992095134,1371,sse/880810 陆股通增,sse/880817 商誉减值
sse/880848,sse/880756,84,0.580319577090241,0.580319577090241,1146,sse/880848 被举牌,sse/880756 机构吸筹
sse/880367,sse/880756,117,0.5792941141038428,0.5792941141038428,1146,sse/880367 纺织服饰,sse/880756 机构吸筹
sse/880844,sse/880884,102,0.578518847064658,0.578518847064658,1855,sse/880844 预计扭亏,sse/880884 最近异动
sse/880890,sse/880772,98,0.5768637890516239,0.5768637890516239,1038,sse/880890 配股预案,sse/880772 最近闪拉
sse/880455,sse/880772,81,0.5757916110198623,0.5757916110198623,1038,sse/880455 供气供热,sse/880772 最近闪拉
sse/880305,sse/880756,111,0.572692150508587,0.572692150508587,1146,sse/880305 电力,sse/880756 机构吸筹
sse/880476,sse/880082,116,-0.5661162045993017,0.5661162045993017,1058,sse/880476 建筑,sse/880082 板块趋势
sse/880879,sse/880784,101,-0.564870575084108,0.564870575084108,1651,sse/880879 低价股,sse/880784 昨日较弱
sse/880398,sse/880677,104,0.5647569804324715,0.5647569804324715,731,sse/880398 医疗保健,sse/880677 活跃可转债
sse/880836,sse/880721,97,0.5642135504220852,0.5642135504220852,927,sse/880836 配股股,sse/880721 北上重仓
sse/880890,sse/880677,79,0.5639826495910284,0.5639826495910284,558,sse/880890 配股预案,sse/880677 活跃可转债
sse/880811,sse/880769,109,0.5638302438840816,0.5638302438840816,986,sse/880811 陆股通减,sse/880769 股权集中
sse/880876,sse/880677,118,0.5600684191151987,0.5600684191151987,731,sse/880876 户数增加,sse/880677 活跃可转债
sse/880807,sse/880082,102,-0.5572443512485027,0.5572443512485027,1058,sse/880807 股东增持,sse/880082 板块趋势
sse/880418,sse/880641,112,-0.557133993494025,0.557133993494025,670,sse/880418 传媒娱乐,sse/880641 历史新低
sse/880431,sse/880772,82,0.5554059917633585,0.5554059917633585,1038,sse/880431 船舶,sse/880772 最近闪拉
sse/880836,sse/880898,95,0.5523595910460943,0.5523595910460943,944,sse/880836 配股股,sse/880898 近已解禁
sse/880825,sse/880082,87,-0.5502863278143713,0.5502863278143713,683,sse/880825 预计转亏,sse/880082 板块趋势
sse/880867,sse/880702,103,0.5480669743857929,0.5480669743857929,1878,sse/880867 昨高换手,sse/880702 壳资源
sse/880867,sse/880787,112,0.5417231019303751,0.5417231019303751,1648,sse/880867 昨高换手,sse/880787 高商誉
sse/880702,sse/880784,97,-0.5359135143233684,0.5359135143233684,1651,sse/880702 壳资源,sse/880784 昨日较弱
sse/880810,sse/880082,103,-0.5343833085020365,0.5343833085020365,609,sse/880810 陆股通增,sse/880082 板块趋势
sse/880834,sse/880784,104,-0.5336563175078395,0.5336563175078395,1651,sse/880834 微利股,sse/880784 昨日较弱
sse/880476,sse/880752,105,0.5334425202042057,0.5334425202042057,1171,sse/880476 建筑,sse/880752 昨曾跌停
sse/880406,sse/880640,106,0.527499302425465,0.527499302425465,919,sse/880406 商业连锁,sse/880640 历史新高
sse/880493,sse/880778,112,0.5247854865480492,0.5247854865480492,1486,sse/880493 软件服务,sse/880778 次新预增
sse/880837,sse/880641,70,-0.5246599694080497,0.5246599694080497,670,sse/880837 活跃股,sse/880641 历史新低
sse/880857,sse/880082,105,-0.5232732083886745,0.5232732083886745,1058,sse/880857 证金汇金持股,sse/880082 板块趋势
sse/880779,sse/880784,106,-0.5229120688930039,0.5229120688930039,1651,sse/880779 高融资盘,sse/880784 昨日较弱
sse/880874,sse/880774,116,0.5219422231818758,0.5219422231818758,1723,sse/880874 昨曾涨停,sse/880774 昨日首板
sse/880344,sse/880773,118,0.5209816100723623,0.5209816100723623,983,sse/880344 建材,sse/880773 最近闪跌
sse/880421,sse/880756,115,0.5198301924977163,0.5198301924977163,1146,sse/880421 广告包装,sse/880756 机构吸筹
sse/880867,sse/880970,116,0.51919498894277,0.51919498894277,1600,sse/880867 昨高换手,sse/880970 分拆上市预期
sse/880864,sse/880825,81,0.5189020098286364,0.5189020098286364,940,sse/880864 昨日振荡,sse/880825 预计转亏
sse/880886,sse/880825,96,0.516554607173656,0.516554607173656,940,sse/880886 昨日较强,sse/880825 预计转亏
sse/880881,sse/880756,88,0.5162329396538522,0.5162329396538522,1128,sse/880881 近期弱势,sse/880756 机构吸筹
sse/880854,sse/880641,67,0.514235536087339,0.514235536087339,517,sse/880854 预高送转,sse/880641 历史新低
sse/880861,sse/880784,101,-0.5134982134160984,0.5134982134160984,1651,sse/880861 连续亏损,sse/880784 昨日较弱
sse/880864,sse/880884,118,0.5100388745749961,0.5100388745749961,2175,sse/880864 昨日振荡,sse/880884 最近异动
sse/880812,sse/880825,106,0.5093878953932911,0.5093878953932911,940,sse/880812 昨日连板,sse/880825 预计转亏
sse/880874,sse/880082,67,-0.5065725143963671,0.5065725143963671,1058,sse/880874 昨曾涨停,sse/880082 板块趋势
sse/880854,sse/880735,81,-0.5043003270928273,0.5043003270928273,804,sse/880854 预高送转,sse/880735 专精特新
sse/880836,sse/880887,118,0.5039252920757366,0.5039252920757366,1769,sse/880836 配股股,sse/880887 次新超跌
sse/880835,sse/880812,113,-0.5033719784807816,0.5033719784807816,1974,sse/880835 绩优股,sse/880812 昨日连板
sse/880367,sse/880784,99,-0.49938291815202684,0.49938291815202684,1651,sse/880367 纺织服饰,sse/880784 昨日较弱
sse/880884,sse/880885,118,-0.49630213844137844,0.49630213844137844,2157,sse/880884 最近异动,sse/880885 近端次新
sse/880772,sse/880769,40,-0.49592825648513866,0.49592825648513866,750,sse/880772 最近闪拉,sse/880769 股权集中
sse/880874,sse/880723,61,-0.495817980360255,0.495817980360255,1221,sse/880874 昨曾涨停,sse/880723 发可转债
sse/880801,sse/880812,114,-0.4947774643266998,0.4947774643266998,1974,sse/880801 基金重仓,sse/880812 昨日连板
sse/880573,sse/880784,99,-0.4946401498115305,0.4946401498115305,1651,sse/880573 摘帽,sse/880784 昨日较弱
sse/880489,sse/880752,111,0.4933715942801822,0.4933715942801822,1171,sse/880489 IT设备,sse/880752 昨曾跌停
sse/880882,sse/880784,104,-0.4927150057083566,0.4927150057083566,1651,sse/880882 久不分红,sse/880784 昨日较弱
sse/880418,sse/880603,105,0.4918365068286463,0.4918365068286463,1086,sse/880418 传媒娱乐,sse/880603 新进指标股
sse/880350,sse/880756,113,0.49080819315840535,0.49080819315840535,1146,sse/880350 造纸,sse/880756 机构吸筹
sse/880812,sse/880782,100,0.4868281958255789,0.4868281958255789,1678,sse/880812 昨日连板,sse/880782 保险新进
sse/880421,sse/880772,43,0.48638667923243717,0.48638667923243717,1038,sse/880421 广告包装,sse/880772 最近闪拉
sse/880864,sse/880778,105,0.4854061266230373,0.4854061266230373,1486,sse/880864 昨日振荡,sse/880778 次新预增
sse/880414,sse/880784,105,-0.4853632365567001,0.4853632365567001,1651,sse/880414 商贸代理,sse/880784 昨日较弱
sse/880812,sse/880970,106,0.48512185295678634,0.48512185295678634,1600,sse/880812 昨日连板,sse/880970 分拆上市预期
sse/880539,sse/880778,116,0.4817495221294852,0.4817495221294852,1486,sse/880539 股权激励,sse/880778 次新预增
sse/880782,sse/880818,115,0.4809551883151095,0.4809551883151095,1005,sse/880782 保险新进,sse/880818 通达信热股
sse/880785,sse/880603,40,0.47661684567460505,0.47661684567460505,1086,sse/880785 最近多板,sse/880603 新进指标股
sse/880854,sse/880885,106,-0.4755938464931705,0.4755938464931705,1684,sse/880854 预高送转,sse/880885 近端次新
sse/880863,sse/880751,99,-0.4749952472247888,0.4749952472247888,1163,sse/880863 昨日涨停,sse/880751 昨日跌停
sse/880854,sse/880603,119,-0.47493171938404377,0.47493171938404377,743,sse/880854 预高送转,sse/880603 新进指标股
sse/880367,sse/880603,97,0.47450226809432894,0.47450226809432894,1086,sse/880367 纺织服饰,sse/880603 新进指标股
sse/880867,sse/880786,106,0.47363553250053486,0.47363553250053486,1648,sse/880867 昨高换手,sse/880786 海外业务
sse/880400,sse/880867,113,-0.47216476589144163,0.47216476589144163,2389,sse/880400 医药,sse/880867 昨高换手
sse/880453,sse/880640,116,0.46968582851164825,0.46968582851164825,919,sse/880453 公共交通,sse/880640 历史新高
szse/399300,sse/880812,114,-0.469122511237566,0.469122511237566,1974,szse/399300 沪深300,sse/880812 昨日连板
sse/880372,sse/880812,118,-0.46880581208315075,0.46880581208315075,1974,sse/880372 食品饮料,sse/880812 昨日连板
sse/880472,sse/880867,111,-0.4679213555993704,0.4679213555993704,2389,sse/880472 证券,sse/880867 昨高换手
sse/880854,sse/880818,69,-0.46778862986176223,0.46778862986176223,680,sse/880854 预高送转,sse/880818 通达信热股
sse/880860,sse/880784,105,-0.4671710251172082,0.4671710251172082,1651,sse/880860 扣非亏损,sse/880784 昨日较弱
sse/880330,sse/880812,119,-0.4669583592775632,0.4669583592775632,1974,sse/880330 化纤,sse/880812 昨日连板
sse/880464,sse/880812,119,-0.46616718014985603,0.46616718014985603,1974,sse/880464 仓储物流,sse/880812 昨日连板
sse/880867,sse/880779,102,0.4634604159948912,0.4634604159948912,1682,sse/880867 昨高换手,sse/880779 高融资盘
sse/880424,sse/880640,114,0.46289591243079514,0.46289591243079514,919,sse/880424 旅游,sse/880640 历史新高
sse/880867,sse/880882,110,0.4621215806985395,0.4621215806985395,2215,sse/880867 昨高换手,sse/880882 久不分红
sse/880802,sse/880812,114,-0.46170291310323053,0.46170291310323053,1974,sse/880802 QFII重仓,sse/880812 昨日连板
sse/880825,sse/880752,98,0.46110982907875,0.46110982907875,797,sse/880825 预计转亏,sse/880752 昨曾跌停
sse/880867,sse/880082,91,-0.4591009860400354,0.4591009860400354,1058,sse/880867 昨高换手,sse/880082 板块趋势
sse/880474,sse/880752,111,0.4564959042009704,0.4564959042009704,1171,sse/880474 多元金融,sse/880752 昨曾跌停
sse/880380,sse/880082,103,-0.4560842143926023,0.4560842143926023,1058,sse/880380 酿酒,sse/880082 板块趋势
sse/880785,sse/880640,18,0.45566418453506685,0.45566418453506685,919,sse/880785 最近多板,sse/880640 历史新高
sse/880399,sse/880082,111,-0.4554885375396238,0.4554885375396238,1058,sse/880399 家居用品,sse/880082 板块趋势
sse/880380,sse/880812,108,-0.45541792722884583,0.45541792722884583,1974,sse/880380 酿酒,sse/880812 昨日连板
sse/880400,sse/880817,101,0.4554106527641309,0.4554106527641309,1820,sse/880400 医药,sse/880817 商誉减值
sse/880836,sse/880781,89,0.4543527136066958,0.4543527136066958,1364,sse/880836 配股股,sse/880781 QFII新进
sse/880774,sse/880751,99,-0.4534431956391478,0.4534431956391478,1163,sse/880774 昨日首板,sse/880751 昨日跌停
sse/880867,sse/880769,104,0.452003495709705,0.452003495709705,1435,sse/880867 昨高换手,sse/880769 股权集中
sse/880868,sse/880752,113,0.4508691318275012,0.4508691318275012,1171,sse/880868 高贝塔值,sse/880752 昨曾跌停
sse/880857,sse/880812,114,-0.4504089536295032,0.4504089536295032,1974,sse/880857 证金汇金持股,sse/880812 昨日连板
sse/880873,sse/880784,104,-0.45025682516072707,0.45025682516072707,1651,sse/880873 个人持股,sse/880784 昨日较弱
sse/880864,sse/880781,115,0.4499719128073883,0.4499719128073883,1678,sse/880864 昨日振荡,sse/880781 QFII新进
sse/880422,sse/880772,115,-0.44979333937467797,0.44979333937467797,1038,sse/880422 文教休闲,sse/880772 最近闪拉
sse/880465,sse/880778,115,-0.44845665372155785,0.44845665372155785,1486,sse/880465 交通设施,sse/880778 次新预增
sse/880453,sse/880867,96,-0.4483205200270312,0.4483205200270312,2389,sse/880453 公共交通,sse/880867 昨高换手
sse/880854,sse/880786,116,-0.4481553193533059,0.4481553193533059,1177,sse/880854 预高送转,sse/880786 海外业务
sse/880773,sse/880774,59,-0.44675755269942763,0.44675755269942763,983,sse/880773 最近闪跌,sse/880774 昨日首板
sse/880867,sse/880871,104,0.44581479166837756,0.44581479166837756,2366,sse/880867 昨高换手,sse/880871 股权分散
sse/880474,sse/880784,76,-0.4454736538492545,0.4454736538492545,1651,sse/880474 多元金融,sse/880784 昨日较弱
sse/880892,sse/880784,103,-0.4447498142756421,0.4447498142756421,1651,sse/880892 高质押股,sse/880784 昨日较弱
sse/880810,sse/880770,84,0.4442241157701122,0.4442241157701122,1072,sse/880810 陆股通增,sse/880770 昨日上榜
sse/880824,sse/880784,107,-0.44405409902857135,0.44405409902857135,1651,sse/880824 高市盈率,sse/880784 昨日较弱
sse/880854,sse/880772,82,0.4430453382866057,0.4430453382866057,850,sse/880854 预高送转,sse/880772 最近闪拉
sse/880867,sse/880793,109,0.4419053715547438,0.4419053715547438,1589,sse/880867 昨高换手,sse/880793 基金减仓
sse/880355,sse/880778,98,0.44161694651499406,0.44161694651499406,1486,sse/880355 日用化工,sse/880778 次新预增
sse/880854,sse/880752,85,-0.44059779948016664,0.44059779948016664,776,sse/880854 预高送转,sse/880752 昨曾跌停
sse/880885,sse/880774,112,0.44018841868049197,0.44018841868049197,1723,sse/880885 近端次新,sse/880774 昨日首板
sse/880406,sse/880781,117,0.44015849527021766,0.44015849527021766,1678,sse/880406 商业连锁,sse/880781 QFII新进
sse/880494,sse/880784,96,-0.43814750492541055,0.43814750492541055,1651,sse/880494 互联网,sse/880784 昨日较弱
sse/880773,sse/880789,95,0.43809725615137607,0.43809725615137607,619,sse/880773 最近闪跌,sse/880789 昨成交20
sse/880837,sse/880756,110,0.43782242124030374,0.43782242124030374,1146,sse/880837 活跃股,sse/880756 机构吸筹
sse/880493,sse/880867,103,-0.4377792635332711,0.4377792635332711,2389,sse/880493 软件服务,sse/880867 昨高换手
sse/880872,sse/880825,112,-0.4375215330245163,0.4375215330245163,940,sse/880872 近期复牌,sse/880825 预计转亏
sse/880885,sse/880756,110,0.4375085533665132,0.4375085533665132,1146,sse/880885 近端次新,sse/880756 机构吸筹
sse/880860,sse/880867,106,-0.43162335732578383,0.43162335732578383,2389,sse/880860 扣非亏损,sse/880867 昨高换手
sse/880456,sse/880082,103,-0.43160019373056785,0.43160019373056785,1058,sse/880456 环境保护,sse/880082 板块趋势
sse/880390,sse/880640,114,0.43105940659677117,0.43105940659677117,919,sse/880390 汽车类,sse/880640 历史新高
sse/880843,sse/880676,94,-0.43102218934735054,0.43102218934735054,536,sse/880843 业绩预降,sse/880676 活跃ETF
sse/880752,sse/880603,78,0.4306475572787552,0.4306475572787552,1083,sse/880752 昨曾跌停,sse/880603 新进指标股
sse/880437,sse/880772,89,0.43049901693876624,0.43049901693876624,1038,sse/880437 通用机械,sse/880772 最近闪拉
sse/880836,sse/880752,78,0.430169008617541,0.430169008617541,859,sse/880836 配股股,sse/880752 昨曾跌停
sse/880448,sse/880752,109,0.4297231193454464,0.4297231193454464,1171,sse/880448 电器仪表,sse/880752 昨曾跌停
sse/880430,sse/880756,80,0.42926511435232484,0.42926511435232484,1146,sse/880430 航空,sse/880756 机构吸筹
sse/880453,sse/880784,104,-0.4287161479868943,0.4287161479868943,1651,sse/880453 公共交通,sse/880784 昨日较弱
sse/880576,sse/880778,98,0.4278067391172901,0.4278067391172901,1486,sse/880576 重组股,sse/880778 次新预增
sse/880867,sse/880782,104,0.4269277575676021,0.4269277575676021,1678,sse/880867 昨高换手,sse/880782 保险新进
sse/880810,sse/880751,58,-0.42690591799056554,0.42690591799056554,718,sse/880810 陆股通增,sse/880751 昨日跌停
sse/880406,sse/880735,119,0.42645469175951267,0.42645469175951267,1206,sse/880406 商业连锁,sse/880735 专精特新
sse/880867,sse/880735,103,0.4231389780784772,0.4231389780784772,1206,sse/880867 昨高换手,sse/880735 专精特新
sse/880778,sse/880793,97,-0.42296133166078637,0.42296133166078637,1393,sse/880778 次新预增,sse/880793 基金减仓
sse/880863,sse/880772,61,0.4228345187787575,0.4228345187787575,1038,sse/880863 昨日涨停,sse/880772 最近闪拉
sse/880836,sse/880723,95,0.4222186077782928,0.4222186077782928,907,sse/880836 配股股,sse/880723 发可转债
sse/880494,sse/880603,106,0.4219681494872535,0.4219681494872535,1086,sse/880494 互联网,sse/880603 新进指标股
sse/880884,sse/880677,82,0.4215086454702175,0.4215086454702175,731,sse/880884 最近异动,sse/880677 活跃可转债
sse/880884,sse/880817,92,-0.41847039002546127,0.41847039002546127,1820,sse/880884 最近异动,sse/880817 商誉减值
sse/880867,sse/880790,102,0.41742805118004805,0.41742805118004805,1648,sse/880867 昨高换手,sse/880790 高负债率
sse/880867,sse/880781,104,0.41691749443995485,0.41691749443995485,1678,sse/880867 昨高换手,sse/880781 QFII新进
sse/880843,sse/880752,66,0.4168877016558416,0.4168877016558416,843,sse/880843 业绩预降,sse/880752 昨曾跌停
sse/880387,sse/880812,113,-0.41677550992210033,0.41677550992210033,1974,sse/880387 家用电器,sse/880812 昨日连板
szse/399481,sse/880774,101,0.4159034053240804,0.4159034053240804,1723,szse/399481 企债指数,sse/880774 昨日首板
sse/880874,sse/880886,116,0.41535478512683843,0.41535478512683843,2128,sse/880874 昨曾涨停,sse/880886 昨日较强
sse/880807,sse/880756,82,0.41529113897305014,0.41529113897305014,1146,sse/880807 股东增持,sse/880756 机构吸筹
sse/880452,sse/880641,103,-0.41507472420026637,0.41507472420026637,670,sse/880452 电信运营,sse/880641 历史新低
sse/880851,sse/880082,83,-0.4118467252966739,0.4118467252966739,930,sse/880851 已高送转,sse/880082 板块趋势
sse/880751,sse/880082,71,-0.4115853462179631,0.4115853462179631,1047,sse/880751 昨日跌停,sse/880082 板块趋势
sse/880867,sse/880868,117,0.4110165115112833,0.4110165115112833,2389,sse/880867 昨高换手,sse/880868 高贝塔值
sse/880843,sse/880784,105,-0.41101548000413485,0.41101548000413485,1323,sse/880843 业绩预降,sse/880784 昨日较弱
sse/880827,sse/880812,117,-0.4102415376153052,0.4102415376153052,1974,sse/880827 高市净率,sse/880812 昨日连板
sse/880476,sse/880773,112,0.4099938365230667,0.4099938365230667,983,sse/880476 建筑,sse/880773 最近闪跌
sse/880492,sse/880772,61,0.40994145738091975,0.40994145738091975,1038,sse/880492 元器件,sse/880772 最近闪拉
sse/880810,sse/880812,117,-0.4090459465147668,0.4090459465147668,1525,sse/880810 陆股通增,sse/880812 昨日连板
sse/880491,sse/880778,102,0.40851203004945613,0.40851203004945613,1486,sse/880491 半导体,sse/880778 次新预增
sse/880351,sse/880082,103,-0.40814192364091495,0.40814192364091495,1058,sse/880351 矿物制品,sse/880082 板块趋势
sse/880432,sse/880640,115,0.40654263636502097,0.40654263636502097,919,sse/880432 运输设备,sse/880640 历史新高
sse/880472,sse/880576,111,0.40414760611582967,0.40414760611582967,3335,sse/880472 证券,sse/880576 重组股
sse/880452,sse/880773,100,-0.403629535829503,0.403629535829503,983,sse/880452 电信运营,sse/880773 最近闪跌
szse/399001,sse/880812,117,-0.4033612647477048,0.4033612647477048,1974,szse/399001 深证成指,sse/880812 昨日连板
sse/880825,sse/880640,109,0.4025821740669012,0.4025821740669012,579,sse/880825 预计转亏,sse/880640 历史新高
sse/880330,sse/880773,118,0.4008742196657098,0.4008742196657098,983,sse/880330 化纤,sse/880773 最近闪跌
sse/880843,sse/880082,106,-0.40039960209256154,0.40039960209256154,778,sse/880843 业绩预降,sse/880082 板块趋势
sse/880947,sse/880784,104,-0.4003364881023739,0.4003364881023739,1651,sse/880947 债转股AMC,sse/880784 昨日较弱
sse/880476,sse/880778,119,-0.3999426075280085,0.3999426075280085,1486,sse/880476 建筑,sse/880778 次新预增
sse/880816,sse/880778,98,0.3964863371678518,0.3964863371678518,1486,sse/880816 密集调研,sse/880778 次新预增
sse/880857,sse/880756,81,0.39500626652716414,0.39500626652716414,1146,sse/880857 证金汇金持股,sse/880756 机构吸筹
sse/880573,sse/880867,105,-0.39423063947374104,0.39423063947374104,2389,sse/880573 摘帽,sse/880867 昨高换手
sse/880874,sse/880784,69,-0.3940533836925799,0.3940533836925799,1651,sse/880874 昨曾涨停,sse/880784 昨日较弱
sse/880774,sse/880081,95,0.3933286473576666,0.3933286473576666,1058,sse/880774 昨日首板,sse/880081 轮动趋势
sse/880854,sse/880622,109,-0.3923845697842818,0.3923845697842818,712,sse/880854 预高送转,sse/880622 破增发价
sse/880344,sse/880756,112,-0.3914547264644168,0.3914547264644168,1146,sse/880344 建材,sse/880756 机构吸筹
sse/880872,sse/880752,79,-0.39013957216181827,0.39013957216181827,1171,sse/880872 近期复牌,sse/880752 昨曾跌停
sse/880857,sse/880752,111,0.38978188738516284,0.38978188738516284,1171,sse/880857 证金汇金持股,sse/880752 昨曾跌停
sse/880454,sse/880640,115,0.38897062354299305,0.38897062354299305,919,sse/880454 水务,sse/880640 历史新高
sse/880874,sse/880735,56,-0.3884373391273463,0.3884373391273463,1206,sse/880874 昨曾涨停,sse/880735 专精特新
sse/880360,sse/880781,110,0.38779319385825295,0.38779319385825295,1678,sse/880360 农林牧渔,sse/880781 QFII新进
sse/880854,sse/880723,80,-0.3877394957273336,0.3877394957273336,819,sse/880854 预高送转,sse/880723 发可转债
sse/880812,sse/880751,19,0.38708538816088667,0.38708538816088667,1163,sse/880812 昨日连板,sse/880751 昨日跌停
sse/880423,sse/880867,114,-0.38685361187124095,0.38685361187124095,2389,sse/880423 酒店餐饮,sse/880867 昨高换手
sse/880810,sse/880769,91,0.38658585258481276,0.38658585258481276,986,sse/880810 陆股通增,sse/880769 股权集中
sse/880414,sse/880867,106,-0.3844563951561973,0.3844563951561973,2389,sse/880414 商贸代理,sse/880867 昨高换手
sse/880493,sse/880781,114,0.38388434214395184,0.38388434214395184,1678,sse/880493 软件服务,sse/880781 QFII新进
sse/880886,sse/880751,111,0.38387295104544383,0.38387295104544383,1163,sse/880886 昨日较强,sse/880751 昨日跌停
sse/880867,sse/880879,101,0.3837376488473625,0.3837376488473625,2275,sse/880867 昨高换手,sse/880879 低价股
sse/880472,sse/880850,111,0.38369552083236164,0.38369552083236164,3092,sse/880472 证券,sse/880850 定增预案
sse/880881,sse/880723,117,0.38220957454597715,0.38220957454597715,1203,sse/880881 近期弱势,sse/880723 发可转债
sse/880836,sse/880812,114,-0.38209128185934804,0.38209128185934804,1660,sse/880836 配股股,sse/880812 昨日连板
sse/880866,sse/880784,69,-0.38145632038792965,0.38145632038792965,1615,sse/880866 近期新低,sse/880784 昨日较弱
sse/880432,sse/880772,83,0.3812240213726698,0.3812240213726698,1038,sse/880432 运输设备,sse/880772 最近闪拉
sse/880889,sse/880784,103,-0.38106800772167326,0.38106800772167326,1595,sse/880889 不活跃股,sse/880784 昨日较弱
sse/880874,sse/880789,63,-0.38098881292016007,0.38098881292016007,1354,sse/880874 昨曾涨停,sse/880789 昨成交20
sse/880869,sse/880772,71,0.3798702720734587,0.3798702720734587,1038,sse/880869 股权转让,sse/880772 最近闪拉
sse/880847,sse/880812,114,-0.37934516547970176,0.37934516547970176,1974,sse/880847 行业龙头,sse/880812 昨日连板
sse/880473,sse/880640,105,0.3786264999233424,0.3786264999233424,919,sse/880473 保险,sse/880640 历史新高
sse/880421,sse/880603,105,0.37832459793953754,0.37832459793953754,1086,sse/880421 广告包装,sse/880603 新进指标股
sse/880895,sse/880812,116,-0.3762202797364747,0.3762202797364747,1974,sse/880895 持续增长,sse/880812 昨日连板
sse/880894,sse/880756,82,0.3760234585470639,0.3760234585470639,1146,sse/880894 养老金持股,sse/880756 机构吸筹
sse/880367,sse/880640,97,0.3728596205285192,0.3728596205285192,919,sse/880367 纺织服饰,sse/880640 历史新高
sse/880780,sse/880082,96,-0.3727488901204552,0.3727488901204552,1058,sse/880780 融资增加,sse/880082 板块趋势
sse/880474,sse/880640,101,0.3695982149336307,0.3695982149336307,919,sse/880474 多元金融,sse/880640 历史新高
sse/880778,sse/880620,114,-0.3695858275629578,0.3695858275629578,866,sse/880778 次新预增,sse/880620 券商金股
sse/880778,sse/880735,96,-0.3692465205753648,0.3692465205753648,1010,sse/880778 次新预增,sse/880735 专精特新
sse/880576,sse/880772,77,0.3687428780028972,0.3687428780028972,1038,sse/880576 重组股,sse/880772 最近闪拉
sse/880489,sse/880782,118,0.36843256423246257,0.36843256423246257,1678,sse/880489 IT设备,sse/880782 保险新进
sse/880784,sse/880769,105,0.36836364436025715,0.36836364436025715,1432,sse/880784 昨日较弱,sse/880769 股权集中
sse/880489,sse/880773,77,-0.36758701285184003,0.36758701285184003,983,sse/880489 IT设备,sse/880773 最近闪跌
sse/880865,sse/880812,119,-0.3675119750904946,0.3675119750904946,1974,sse/880865 近期新高,sse/880812 昨日连板
sse/880880,sse/880784,104,-0.3672766199174182,0.3672766199174182,1651,sse/880880 近期强势,sse/880784 昨日较弱
sse/880778,sse/880756,103,-0.3670544871782667,0.3670544871782667,970,sse/880778 次新预增,sse/880756 机构吸筹
sse/880817,sse/880603,119,0.3662515432736535,0.3662515432736535,1086,sse/880817 商誉减值,sse/880603 新进指标股
sse/880497,sse/880784,108,-0.36589023810973226,0.36589023810973226,1651,sse/880497 综合类,sse/880784 昨日较弱
sse/880867,sse/880792,106,0.36584887210988604,0.36584887210988604,1589,sse/880867 昨高换手,sse/880792 基金增仓
sse/880844,sse/880810,104,0.36501875900966974,0.36501875900966974,1361,sse/880844 预计扭亏,sse/880810 陆股通增
sse/880350,sse/880603,84,0.3641853831965032,0.3641853831965032,1086,sse/880350 造纸,sse/880603 新进指标股
sse/880867,sse/880778,83,0.36415233081888354,0.36415233081888354,1486,sse/880867 昨高换手,sse/880778 次新预增
sse/880821,sse/880812,114,-0.3638624025234981,0.3638624025234981,1974,sse/880821 大盘股,sse/880812 昨日连板
sse/880867,sse/880641,84,0.36357091218843474,0.36357091218843474,670,sse/880867 昨高换手,sse/880641 历史新低
sse/880874,sse/880603,50,-0.36322012315473795,0.36322012315473795,1086,sse/880874 昨曾涨停,sse/880603 新进指标股
sse/880881,sse/880082,101,-0.3628205224287394,0.3628205224287394,1040,sse/880881 近期弱势,sse/880082 板块趋势
sse/880399,sse/880783,118,0.3624177212012798,0.3624177212012798,1678,sse/880399 家居用品,sse/880783 社保新进
sse/880494,sse/880774,109,0.36217459424335763,0.36217459424335763,1723,sse/880494 互联网,sse/880774 昨日首板
sse/880493,sse/880785,96,0.3614377223814352,0.3614377223814352,1659,sse/880493 软件服务,sse/880785 最近多板
sse/880867,sse/880892,106,0.36132040309443647,0.36132040309443647,2035,sse/880867 昨高换手,sse/880892 高质押股
sse/880889,sse/880640,114,0.36092872289002775,0.36092872289002775,898,sse/880889 不活跃股,sse/880640 历史新高
sse/880810,sse/880619,93,-0.36029761579063413,0.36029761579063413,595,sse/880810 陆股通增,sse/880619 业绩预增
sse/880493,sse/880783,115,0.35881741650027865,0.35881741650027865,1678,sse/880493 软件服务,sse/880783 社保新进
sse/880812,sse/880752,37,0.3574660304939231,0.3574660304939231,1171,sse/880812 昨日连板,sse/880752 昨曾跌停
sse/880452,sse/880774,115,0.35723297027369516,0.35723297027369516,1723,sse/880452 电信运营,sse/880774 昨日首板
sse/880812,sse/880676,95,0.3567867863349377,0.3567867863349377,731,sse/880812 昨日连板,sse/880676 活跃ETF
sse/880859,sse/880812,119,-0.35637922619410467,0.35637922619410467,1974,sse/880859 员工持股,sse/880812 昨日连板
sse/880360,sse/880783,117,0.35590080756116416,0.35590080756116416,1678,sse/880360 农林牧渔,sse/880783 社保新进
sse/880452,sse/880619,116,0.3556026877461717,0.3556026877461717,1044,sse/880452 电信运营,sse/880619 业绩预增
sse/880850,sse/880810,119,-0.3555149363249912,0.3555149363249912,1540,sse/880850 定增预案,sse/880810 陆股通增
sse/880848,sse/880735,93,0.35511603285248333,0.35511603285248333,1206,sse/880848 被举牌,sse/880735 专精特新
sse/880864,sse/880785,95,0.3542579812698392,0.3542579812698392,1659,sse/880864 昨日振荡,sse/880785 最近多板
sse/880867,sse/880889,106,0.3542499960198989,0.3542499960198989,2019,sse/880867 昨高换手,sse/880889 不活跃股
sse/880872,sse/880884,118,0.3534286866546322,0.3534286866546322,2175,sse/880872 近期复牌,sse/880884 最近异动
sse/880878,sse/880812,114,-0.3523325688217611,0.3523325688217611,1974,sse/880878 百元股,sse/880812 昨日连板
sse/880782,sse/880751,57,-0.3522944788611227,0.3522944788611227,1163,sse/880782 保险新进,sse/880751 昨日跌停
sse/880885,sse/880778,93,0.352177870814518,0.352177870814518,1486,sse/880885 近端次新,sse/880778 次新预增
sse/880532,sse/880812,119,-0.35179125281727863,0.35179125281727863,1974,sse/880532 整体上市,sse/880812 昨日连板
sse/880809,sse/880810,111,-0.35127783374410293,0.35127783374410293,1540,sse/880809 基金独门,sse/880810 陆股通增
sse/880785,sse/880641,108,-0.35089501805047624,0.35089501805047624,670,sse/880785 最近多板,sse/880641 历史新低
sse/880418,sse/880784,63,-0.35072412147111787,0.35072412147111787,1651,sse/880418 传媒娱乐,sse/880784 昨日较弱
sse/880893,sse/880784,104,-0.3499104746522487,0.3499104746522487,1651,sse/880893 送转超跌,sse/880784 昨日较弱
sse/880811,sse/880812,119,-0.349840514009371,0.349840514009371,1525,sse/880811 陆股通减,sse/880812 昨日连板
sse/880947,sse/880640,114,0.34943544119635583,0.34943544119635583,919,sse/880947 债转股AMC,sse/880640 历史新高
sse/880858,sse/880773,114,0.3477647604866838,0.3477647604866838,983,sse/880858 国开持股,sse/880773 最近闪跌
sse/880874,sse/880778,96,0.346816224656473,0.346816224656473,1486,sse/880874 昨曾涨停,sse/880778 次新预增
sse/880773,sse/880793,80,0.34655658564006986,0.34655658564006986,853,sse/880773 最近闪跌,sse/880793 基金减仓
sse/880310,sse/880677,61,0.3464757099929792,0.3464757099929792,731,sse/880310 石油,sse/880677 活跃可转债
sse/880863,sse/880081,95,0.3456660708833851,0.3456660708833851,1058,sse/880863 昨日涨停,sse/880081 轮动趋势
sse/880355,sse/880867,109,-0.3452693302406592,0.3452693302406592,2389,sse/880355 日用化工,sse/880867 昨高换手
sse/880398,sse/880817,101,0.34526008661581387,0.34526008661581387,1820,sse/880398 医疗保健,sse/880817 商誉减值
sse/880355,sse/880817,86,0.3447679896492126,0.3447679896492126,1820,sse/880355 日用化工,sse/880817 商誉减值
sse/880082,sse/880818,114,0.34396273095874447,0.34396273095874447,1005,sse/880082 板块趋势,sse/880818 通达信热股
sse/880812,sse/880756,96,0.3428019999143668,0.3428019999143668,1146,sse/880812 昨日连板,sse/880756 机构吸筹
sse/880874,sse/880792,53,-0.34273455309996037,0.34273455309996037,1589,sse/880874 昨曾涨停,sse/880792 基金增仓
sse/880576,sse/880752,105,0.3409361648476382,0.3409361648476382,1171,sse/880576 重组股,sse/880752 昨曾跌停
sse/880418,sse/880783,99,0.3403668102018178,0.3403668102018178,1678,sse/880418 传媒娱乐,sse/880783 社保新进
sse/880807,sse/880790,88,-0.34004206722392377,0.34004206722392377,1648,sse/880807 股东增持,sse/880790 高负债率
sse/880891,sse/880784,106,-0.3397002030465297,0.3397002030465297,1651,sse/880891 破发行价,sse/880784 昨日较弱
sse/880360,sse/880817,90,0.3390100780202389,0.3390100780202389,1820,sse/880360 农林牧渔,sse/880817 商誉减值
sse/880432,sse/880773,78,-0.33867145004949406,0.33867145004949406,983,sse/880432 运输设备,sse/880773 最近闪跌
sse/880543,sse/880812,113,-0.33701756527766474,0.33701756527766474,1974,sse/880543 外资背景,sse/880812 昨日连板
sse/880836,sse/880784,71,-0.3367555329110471,0.3367555329110471,1338,sse/880836 配股股,sse/880784 昨日较弱
sse/880874,sse/880676,61,-0.33671693080198406,0.33671693080198406,731,sse/880874 昨曾涨停,sse/880676 活跃ETF
sse/880453,sse/880559,114,0.33653720631801726,0.33653720631801726,1878,sse/880453 公共交通,sse/880559 要约收购
sse/880424,sse/880082,113,-0.3363690450505046,0.3363690450505046,1058,sse/880424 旅游,sse/880082 板块趋势
sse/880414,sse/880778,119,0.3361701422930877,0.3361701422930877,1486,sse/880414 商贸代理,sse/880778 次新预增
sse/880787,sse/880640,111,0.3360741222320146,0.3360741222320146,919,sse/880787 高商誉,sse/880640 历史新高
sse/880854,sse/880082,101,-0.33560130293871177,0.33560130293871177,733,sse/880854 预高送转,sse/880082 板块趋势
sse/880702,sse/880756,115,0.33533524876491827,0.33533524876491827,1146,sse/880702 壳资源,sse/880756 机构吸筹
sse/880883,sse/880812,114,-0.33390293243725605,0.33390293243725605,1974,sse/880883 MSCI成份,sse/880812 昨日连板
sse/880773,sse/880822,78,0.3335195493508834,0.3335195493508834,612,sse/880773 最近闪跌,sse/880822 昨收活跃
sse/880446,sse/880082,97,-0.3333203928794303,0.3333203928794303,1058,sse/880446 电气设备,sse/880082 板块趋势
sse/880881,sse/880783,116,0.3332871563855886,0.3332871563855886,1660,sse/880881 近期弱势,sse/880783 社保新进
szse/399101,sse/880082,104,-0.33180682484150614,0.33180682484150614,1058,szse/399101 中小板综指,sse/880082 板块趋势
sse/880836,sse/880559,89,0.33172935806189774,0.33172935806189774,1564,sse/880836 配股股,sse/880559 要约收购
sse/880431,sse/880677,49,0.33122423218514474,0.33122423218514474,731,sse/880431 船舶,sse/880677 活跃可转债
sse/880423,sse/880677,87,0.32905379626100495,0.32905379626100495,731,sse/880423 酒店餐饮,sse/880677 活跃可转债
sse/880863,sse/880622,119,0.3276694124456611,0.3276694124456611,1037,sse/880863 昨日涨停,sse/880622 破增发价
sse/880885,sse/880781,89,0.3270621510507209,0.3270621510507209,1678,sse/880885 近端次新,sse/880781 QFII新进
sse/880812,sse/880778,91,0.3266849566222932,0.3266849566222932,1486,sse/880812 昨日连板,sse/880778 次新预增
sse/880843,sse/880622,103,-0.32533380901849424,0.32533380901849424,757,sse/880843 业绩预降,sse/880622 破增发价
sse/880472,sse/880852,102,0.3248520785132273,0.3248520785132273,2935,sse/880472 证券,sse/880852 参股新股
sse/880784,sse/880723,115,0.32475911403960994,0.32475911403960994,1218,sse/880784 昨日较弱,sse/880723 发可转债
sse/880773,sse/880786,41,-0.3245216289152693,0.3245216289152693,910,sse/880773 最近闪跌,sse/880786 海外业务
sse/880082,sse/880640,86,-0.3244993611080789,0.3244993611080789,919,sse/880082 板块趋势,sse/880640 历史新高
sse/880890,sse/880751,26,-0.32443699201067216,0.32443699201067216,995,sse/880890 配股预案,sse/880751 昨日跌停
sse/000001,sse/880812,116,-0.3238757194902109,0.3238757194902109,1974,sse/000001 上证综指,sse/880812 昨日连板
sse/880863,sse/880784,87,-0.32313953933313055,0.32313953933313055,1651,sse/880863 昨日涨停,sse/880784 昨日较弱
sse/880887,sse/880640,90,0.3221914011088642,0.3221914011088642,919,sse/880887 次新超跌,sse/880640 历史新高
sse/880702,sse/880772,98,0.3219092226374798,0.3219092226374798,1038,sse/880702 壳资源,sse/880772 最近闪拉
sse/880863,sse/880785,116,0.32171980542291856,0.32171980542291856,1659,sse/880863 昨日涨停,sse/880785 最近多板
sse/880784,sse/880756,98,0.3215650660105033,0.3215650660105033,1143,sse/880784 昨日较弱,sse/880756 机构吸筹
sse/880881,sse/880812,114,-0.3215156150023383,0.3215156150023383,1956,sse/880881 近期弱势,sse/880812 昨日连板
sse/880806,sse/880812,119,-0.32149008898779574,0.32149008898779574,1974,sse/880806 社保重仓,sse/880812 昨日连板
sse/880867,sse/880723,103,0.3199890991325621,0.3199890991325621,1221,sse/880867 昨高换手,sse/880723 发可转债
sse/880858,sse/880082,105,-0.3199119797533415,0.3199119797533415,1058,sse/880858 国开持股,sse/880082 板块趋势
sse/880854,sse/880751,81,-0.3198633991931633,0.3198633991931633,769,sse/880854 预高送转,sse/880751 昨日跌停
sse/880398,sse/880790,100,0.3185870714412836,0.3185870714412836,1648,sse/880398 医疗保健,sse/880790 高负债率
sse/880881,sse/880817,113,0.31776913056153333,0.31776913056153333,1802,sse/880881 近期弱势,sse/880817 商誉减值
sse/880472,sse/880785,108,0.31760516354872137,0.31760516354872137,1659,sse/880472 证券,sse/880785 最近多板
sse/880464,sse/880752,119,0.31746819057874553,0.31746819057874553,1171,sse/880464 仓储物流,sse/880752 昨曾跌停
sse/880837,sse/880785,70,0.3171367818513928,0.3171367818513928,1659,sse/880837 活跃股,sse/880785 最近多板
sse/880400,sse/880751,77,-0.3170528665121649,0.3170528665121649,1163,sse/880400 医药,sse/880751 昨日跌停
sse/880863,sse/880887,94,-0.31614167620495237,0.31614167620495237,2083,sse/880863 昨日涨停,sse/880887 次新超跌
sse/880867,sse/880880,112,0.3158644986055381,0.3158644986055381,2215,sse/880867 昨高换手,sse/880880 近期强势
sse/880482,sse/880756,106,-0.3157490062002355,0.3157490062002355,1146,sse/880482 房地产,sse/880756 机构吸筹
sse/880559,sse/880789,117,0.31567491659372654,0.31567491659372654,1354,sse/880559 要约收购,sse/880789 昨成交20
sse/880812,sse/880786,100,0.3153553388447826,0.3153553388447826,1648,sse/880812 昨日连板,sse/880786 海外业务
sse/880874,sse/880970,52,-0.3136097287472247,0.3136097287472247,1600,sse/880874 昨曾涨停,sse/880970 分拆上市预期
sse/880400,sse/880756,104,0.31344110665928376,0.31344110665928376,1146,sse/880400 医药,sse/880756 机构吸筹
sse/880856,sse/880867,114,-0.3130115508102338,0.3130115508102338,2389,sse/880856 定增股,sse/880867 昨高换手
sse/880355,sse/880892,90,0.312974655683639,0.312974655683639,2035,sse/880355 日用化工,sse/880892 高质押股
sse/880493,sse/880640,100,0.31259542806028734,0.31259542806028734,919,sse/880493 软件服务,sse/880640 历史新高
sse/880344,sse/880559,109,-0.3124039451616539,0.3124039451616539,1878,sse/880344 建材,sse/880559 要约收购
sse/880494,sse/880640,99,0.31176739798150266,0.31176739798150266,919,sse/880494 互联网,sse/880640 历史新高
sse/880835,sse/880082,103,-0.31117714064704755,0.31117714064704755,1058,sse/880835 绩优股,sse/880082 板块趋势
sse/880751,sse/880677,77,0.31102955603332766,0.31102955603332766,724,sse/880751 昨日跌停,sse/880677 活跃可转债
sse/880476,sse/880790,99,-0.3104980783778163,0.3104980783778163,1648,sse/880476 建筑,sse/880790 高负债率
sse/880301,sse/880756,75,0.30920579334085646,0.30920579334085646,1146,sse/880301 煤炭,sse/880756 机构吸筹
sse/880473,sse/880863,114,-0.3085810367683106,0.3085810367683106,2414,sse/880473 保险,sse/880863 昨日涨停
sse/880887,sse/880774,86,0.3082681391721336,0.3082681391721336,1723,sse/880887 次新超跌,sse/880774 昨日首板
sse/880874,sse/880721,61,-0.3077023825947499,0.3077023825947499,1241,sse/880874 昨曾涨停,sse/880721 北上重仓
sse/880868,sse/880778,96,0.3076239337056018,0.3076239337056018,1486,sse/880868 高贝塔值,sse/880778 次新预增
sse/880752,sse/880619,119,0.30749709470723835,0.30749709470723835,1041,sse/880752 昨曾跌停,sse/880619 业绩预增
sse/880895,sse/880676,115,0.30747329329052253,0.30747329329052253,731,sse/880895 持续增长,sse/880676 活跃ETF
sse/880453,sse/880879,86,0.3071903944974083,0.3071903944974083,2275,sse/880453 公共交通,sse/880879 低价股
sse/880877,sse/880793,113,-0.3060725525198425,0.3060725525198425,1589,sse/880877 户数减少,sse/880793 基金减仓
sse/880785,sse/880756,46,0.3060631144923967,0.3060631144923967,1146,sse/880785 最近多板,sse/880756 机构吸筹
sse/880493,sse/880773,77,-0.3053426521029847,0.3053426521029847,983,sse/880493 软件服务,sse/880773 最近闪跌
sse/880301,sse/880773,91,0.3038007736504242,0.3038007736504242,983,sse/880301 煤炭,sse/880773 最近闪跌
sse/880880,sse/880751,77,-0.30324755986704777,0.30324755986704777,1163,sse/880880 近期强势,sse/880751 昨日跌停
sse/880872,sse/880640,96,0.30309111072256645,0.30309111072256645,919,sse/880872 近期复牌,sse/880640 历史新高
sse/880418,sse/880781,89,0.3030873512678618,0.3030873512678618,1678,sse/880418 传媒娱乐,sse/880781 QFII新进
sse/880773,sse/880721,98,0.30284372717666286,0.30284372717666286,506,sse/880773 最近闪跌,sse/880721 北上重仓
sse/880473,sse/880812,58,-0.30238143114001126,0.30238143114001126,1974,sse/880473 保险,sse/880812 昨日连板
sse/880344,sse/880779,113,-0.30222930284487115,0.30222930284487115,1682,sse/880344 建材,sse/880779 高融资盘
sse/880874,sse/880780,93,-0.30220658988838345,0.30220658988838345,1682,sse/880874 昨曾涨停,sse/880780 融资增加
sse/880448,sse/880812,116,-0.3013297168923654,0.3013297168923654,1974,sse/880448 电器仪表,sse/880812 昨日连板
sse/880430,sse/880812,113,-0.30120481653477144,0.30120481653477144,1974,sse/880430 航空,sse/880812 昨日连板
sse/880431,sse/880452,95,0.30103610883810733,0.30103610883810733,4750,sse/880431 船舶,sse/880452 电信运营
sse/880885,sse/880721,119,0.300476826283943,0.300476826283943,1241,sse/880885 近端次新,sse/880721 北上重仓
sse/880854,sse/880769,101,-0.30042522440555924,0.30042522440555924,996,sse/880854 预高送转,sse/880769 股权集中
